planetIndexNumber,allTransitsFit_numberOfModelParameters,allTransitsFit.type,allTransitsFit.fullConvergence,allTransitsFit.limbDarkeningModelName,allTransitsFit.modelChiSquare,allTransitsFit.modelDegreesOfFreedom,allTransitsFit.modelFitSnr,allTransitsFit.planetNumber,allTransitsFit.transitModelName,fitted,name,uncertainty,value,binaryDiscriminationResults.longerPeriodComparisonStatistic_val,binaryDiscriminationResults.longerPeriodComparisonStatistic_significance,binaryDiscriminationResults.oddEvenTransitDepthComparisonStatistic_val,binaryDiscriminationResults.oddEvenTransitDepthComparisonStatistic_significance,binaryDiscriminationResults.shorterPeriodComparisonStatistic_val,binaryDiscriminationResults.shorterPeriodComparisonStatistic_sig,binaryDiscriminationResults.longerPeriodComparisonStatistic.planetNumber,binaryDiscriminationResults.longerPeriodComparisonStatistic.value,binaryDiscriminationResults.longerPeriodComparisonStatistic.significance,binaryDiscriminationResults.oddEvenTransitDepthComparisonStatistic.value,binaryDiscriminationResults.oddEvenTransitDepthComparisonStatistic.significance,binaryDiscriminationResults.shorterPeriodComparisonStatistic.planetNumber,binaryDiscriminationResults.shorterPeriodComparisonStatistic.value,binaryDiscriminationResults.shorterPeriodComparisonStatistic.significance,bootstrapResults.bootstrapThresholdForDesiredPfa,bootstrapResults.mesMean,bootstrapResults.mesStd,bootstrapResults.significance,bootstrapResults.transitCount,centroidResults.differenceImageMotionResults.msControlCentroidOffsets.meanSkyOffset_value,centroidResults.differenceImageMotionResults.msControlCentroidOffsets.meanSkyOffset_uncertainty,centroidResults.differenceImageMotionResults.msTicCentroidOffsets.meanRaOffset.value,centroidResults.differenceImageMotionResults.msTicCentroidOffsets.meanRaOffset.uncertainty,centroidResults.differenceImageMotionResults.msTicCentroidOffsets.meanDecOffset.value,centroidResults.differenceImageMotionResults.msTicCentroidOffsets.meanDecOffset.uncertainty,centroidResults.differenceImageMotionResults.msTicCentroidOffsets.meanSkyOffset.value,centroidResults.differenceImageMotionResults.msTicCentroidOffsets.meanSkyOffset.uncertainty,centroidResults.differenceImageMotionResults.msControlCentroidOffsets.meanRaOffset.value,centroidResults.differenceImageMotionResults.msControlCentroidOffsets.meanRaOffset.uncertainty,centroidResults.differenceImageMotionResults.msControlCentroidOffsets.meanDecOffset.value,centroidResults.differenceImageMotionResults.msControlCentroidOffsets.meanDecOffset.uncertainty,centroidResults.differenceImageMotionResults.msControlCentroidOffsets.meanSkyOffset.value,centroidResults.differenceImageMotionResults.msControlCentroidOffsets.meanSkyOffset.uncertainty,centroidResults.differenceImageMotionResults.summaryQualityMetric.qualityThreshold,centroidResults.differenceImageMotionResults.summaryQualityMetric.numberOfAttempts,centroidResults.differenceImageMotionResults.summaryQualityMetric.numberOfMetrics,centroidResults.differenceImageMotionResults.summaryQualityMetric.numberOfGoodMetrics,centroidResults.differenceImageMotionResults.summaryQualityMetric.fractionOfGoodMetrics,centroidResults.differenceImageMotionResults.summaryOverlapMetric.imageCount,centroidResults.differenceImageMotionResults.summaryOverlapMetric.imageCountNoOverlap,centroidResults.differenceImageMotionResults.summaryOverlapMetric.imageCountFractionNoOverlap,differenceImageResults.numberOfCadenceGapsInTransit,differenceImageResults.numberOfCadenceGapsOutOfTransit,differenceImageResults.numberOfCadencesInTransit,differenceImageResults.numberOfCadencesOutOfTransit,differenceImageResults.numberOfTransits,differenceImageResults.overlappedTransits,differenceImageResults.endCadence,differenceImageResults.sector,differenceImageResults.startCadence,differenceImageResults.targetTableId,differenceImageResults.ccd.ccdNumber,differenceImageResults.ccd.cameraNumber,differenceImageResults.controlCentroidOffsets.rowOffset.value,differenceImageResults.controlCentroidOffsets.rowOffset.uncertainty,differenceImageResults.controlCentroidOffsets.columnOffset.value,differenceImageResults.controlCentroidOffsets.columnOffset.uncertainty,differenceImageResults.controlCentroidOffsets.focalPlaneOffset.value,differenceImageResults.controlCentroidOffsets.focalPlaneOffset.uncertainty,differenceImageResults.controlCentroidOffsets.raOffset.value,differenceImageResults.controlCentroidOffsets.raOffset.uncertainty,differenceImageResults.controlCentroidOffsets.decOffset.value,differenceImageResults.controlCentroidOffsets.decOffset.uncertainty,differenceImageResults.controlCentroidOffsets.skyOffset.value,differenceImageResults.controlCentroidOffsets.skyOffset.uncertainty,differenceImageResults.controlImageCentroid.row.value,differenceImageResults.controlImageCentroid.row.uncertainty,differenceImageResults.controlImageCentroid.column.value,differenceImageResults.controlImageCentroid.column.uncertainty,differenceImageResults.controlImageCentroid.raDegrees.value,differenceImageResults.controlImageCentroid.raDegrees.uncertainty,differenceImageResults.controlImageCentroid.decDegrees.value,differenceImageResults.controlImageCentroid.decDegrees.uncertainty,differenceImageResults.differenceImageCentroid.row.value,differenceImageResults.differenceImageCentroid.row.uncertainty,differenceImageResults.differenceImageCentroid.column.value,differenceImageResults.differenceImageCentroid.column.uncertainty,differenceImageResults.differenceImageCentroid.raDegrees.value,differenceImageResults.differenceImageCentroid.raDegrees.uncertainty,differenceImageResults.differenceImageCentroid.decDegrees.value,differenceImageResults.differenceImageCentroid.decDegrees.uncertainty,differenceImageResults.ccdRow,differenceImageResults.ccdColumn,differenceImageResults.meanFluxInTransit.value,differenceImageResults.meanFluxInTransit.uncertainty,differenceImageResults.meanFluxOutOfTransit.value,differenceImageResults.meanFluxOutOfTransit.uncertainty,differenceImageResults.meanFluxDifference.value,differenceImageResults.meanFluxDifference.uncertainty,differenceImageResults.meanFluxForTargetTable.value,differenceImageResults.meanFluxForTargetTable.uncertainty,ccdRow,ccdColumn,meanFluxInTransit.value,meanFluxInTransit.uncertainty,meanFluxOutOfTransit.value,meanFluxOutOfTransit.uncertainty,meanFluxDifference.value,meanFluxDifference.uncertainty,meanFluxForTargetTable.value,meanFluxForTargetTable.uncertainty,qualityMetric.attempted,qualityMetric.valid,qualityMetric.value,ticCentroidOffsets.rowOffset.value,ticCentroidOffsets.rowOffset.uncertainty,ticCentroidOffsets.columnOffset.value,ticCentroidOffsets.columnOffset.uncertainty,ticCentroidOffsets.focalPlaneOffset.value,ticCentroidOffsets.focalPlaneOffset.uncertainty,ticCentroidOffsets.raOffset.value,ticCentroidOffsets.raOffset.uncertainty,ticCentroidOffsets.decOffset.value,ticCentroidOffsets.decOffset.uncertainty,ticCentroidOffsets.skyOffset.value,ticCentroidOffsets.skyOffset.uncertainty,ticReferenceCentroid.row.value,ticReferenceCentroid.row.uncertainty,ticReferenceCentroid.column.value,ticReferenceCentroid.column.uncertainty,ticReferenceCentroid.raDegrees.value,ticReferenceCentroid.raDegrees.uncertainty,ticReferenceCentroid.decDegrees.value,ticReferenceCentroid.decDegrees.uncertainty,evenTransitsFit.type,evenTransitsFit.fullConvergence,evenTransitsFit.limbDarkeningModelName,evenTransitsFit.modelChiSquare,evenTransitsFit.modelDegreesOfFreedom,evenTransitsFit.modelFitSnr,evenTransitsFit.planetNumber,evenTransitsFit.transitModelName,ghostDiagnosticResults.coreApertureCorrelationStatistic.value,ghostDiagnosticResults.coreApertureCorrelationStatistic.significance,ghostDiagnosticResults.haloApertureCorrelationStatistic.value,ghostDiagnosticResults.haloApertureCorrelationStatistic.significance,oddTransitsFit.type,oddTransitsFit.fullConvergence,oddTransitsFit.limbDarkeningModelName,oddTransitsFit.modelChiSquare,oddTransitsFit.modelDegreesOfFreedom,oddTransitsFit.modelFitSnr,oddTransitsFit.planetNumber,oddTransitsFit.transitModelName,planetCandidate.expectedTransitCount,planetCandidate.modelChiSquare2,planetCandidate.modelChiSquareDof2,planetCandidate.modelChiSquareGof,planetCandidate.modelChiSquareGofDof,planetCandidate.observedTransitCount,planetCandidate.planetNumber,planetCandidate.suspectedEclipsingBinary,planetCandidate.chiSquare2,planetCandidate.chiSquareDof2,planetCandidate.chiSquareGof,planetCandidate.chiSquareGofDof,planetCandidate.epochTjd,planetCandidate.maxMultipleEventSigma,planetCandidate.maxSesInMes,planetCandidate.maxSingleEventSigma,planetCandidate.orbitalPeriodInDays,planetCandidate.robustStatistic,planetCandidate.thresholdForDesiredPfa,planetCandidate.trialTransitPulseDurationInHours,planetCandidate.weakSecondary.maxMes,planetCandidate.weakSecondary.maxMesPhaseInDays,planetCandidate.weakSecondary.minMes,planetCandidate.weakSecondary.mesMad,planetCandidate.weakSecondary.minMesPhaseInDays,planetCandidate.weakSecondary.medianMes,planetCandidate.weakSecondary.nValidPhases,planetCandidate.weakSecondary.robustStatistic,planetCandidate.weakSecondary.depthPpm.value,planetCandidate.weakSecondary.depthPpm.uncertainty,reducedParameterFits.reducedParameterFit.type,reducedParameterFits.reducedParameterFit.fullConvergence,reducedParameterFits.reducedParameterFit.limbDarkeningModelName,reducedParameterFits.reducedParameterFit.modelChiSquare,reducedParameterFits.reducedParameterFit.modelDegreesOfFreedom,reducedParameterFits.reducedParameterFit.modelFitSnr,reducedParameterFits.reducedParameterFit.planetNumber,reducedParameterFits.reducedParameterFit.transitModelName,reducedParameterFits.fitted,reducedParameterFits.name,reducedParameterFits.uncertainty,reducedParameterFits.value,reducedParameterFit.type,reducedParameterFit.fullConvergence,reducedParameterFit.limbDarkeningModelName,reducedParameterFit.modelChiSquare,reducedParameterFit.modelDegreesOfFreedom,reducedParameterFit.modelFitSnr,reducedParameterFit.planetNumber,reducedParameterFit.transitModelName,secondaryEventResults.comparisonTests.albedoComparisonStatistic.value,secondaryEventResults.comparisonTests.albedoComparisonStatistic.significance,secondaryEventResults.comparisonTests.tempComparisonStatistic.value,secondaryEventResults.comparisonTests.tempComparisonStatistic.significance,secondaryEventResults.planetParameters.geometricAlbedo.value,secondaryEventResults.planetParameters.geometricAlbedo.uncertainty,secondaryEventResults.planetParameters.planetEffectiveTemp.value,secondaryEventResults.planetParameters.planetEffectiveTemp.uncertainty,trapezoidalFit.type,trapezoidalFit.fullConvergence,trapezoidalFit.limbDarkeningModelName,trapezoidalFit.modelChiSquare,trapezoidalFit.modelDegreesOfFreedom,trapezoidalFit.modelFitSnr,trapezoidalFit.planetNumber,trapezoidalFit.transitModelName,allTransitsFit.transitEpochBtjd.uncertainty,allTransitsFit.transitEpochBtjd.value,allTransitsFit.transitEpochBtjd.fitted,allTransitsFit.eccentricity.uncertainty,allTransitsFit.eccentricity.value,allTransitsFit.eccentricity.fitted,allTransitsFit.longitudeOfPeriDegrees.uncertainty,allTransitsFit.longitudeOfPeriDegrees.value,allTransitsFit.longitudeOfPeriDegrees.fitted,allTransitsFit.planetRadiusEarthRadii.uncertainty,allTransitsFit.planetRadiusEarthRadii.value,allTransitsFit.planetRadiusEarthRadii.fitted,allTransitsFit.semiMajorAxisAu.uncertainty,allTransitsFit.semiMajorAxisAu.value,allTransitsFit.semiMajorAxisAu.fitted,allTransitsFit.minImpactParameter.uncertainty,allTransitsFit.minImpactParameter.value,allTransitsFit.minImpactParameter.fitted,allTransitsFit.starRadiusSolarRadii.uncertainty,allTransitsFit.starRadiusSolarRadii.value,allTransitsFit.starRadiusSolarRadii.fitted,allTransitsFit.transitDurationHours.uncertainty,allTransitsFit.transitDurationHours.value,allTransitsFit.transitDurationHours.fitted,allTransitsFit.transitIngressTimeHours.uncertainty,allTransitsFit.transitIngressTimeHours.value,allTransitsFit.transitIngressTimeHours.fitted,allTransitsFit.transitDepthPpm.uncertainty,allTransitsFit.transitDepthPpm.value,allTransitsFit.transitDepthPpm.fitted,allTransitsFit.orbitalPeriodDays.uncertainty,allTransitsFit.orbitalPeriodDays.value,allTransitsFit.orbitalPeriodDays.fitted,allTransitsFit.ratioPlanetRadiusToStarRadius.uncertainty,allTransitsFit.ratioPlanetRadiusToStarRadius.value,allTransitsFit.ratioPlanetRadiusToStarRadius.fitted,allTransitsFit.ratioSemiMajorAxisToStarRadius.uncertainty,allTransitsFit.ratioSemiMajorAxisToStarRadius.value,allTransitsFit.ratioSemiMajorAxisToStarRadius.fitted,allTransitsFit.inclinationDegrees.uncertainty,allTransitsFit.inclinationDegrees.value,allTransitsFit.inclinationDegrees.fitted,allTransitsFit.equilibriumTempKelvin.uncertainty,allTransitsFit.equilibriumTempKelvin.value,allTransitsFit.equilibriumTempKelvin.fitted,allTransitsFit.effectiveStellarFlux.uncertainty,allTransitsFit.effectiveStellarFlux.value,allTransitsFit.effectiveStellarFlux.fitted,allTransitsFit.starDensitySolarDensity.uncertainty,allTransitsFit.starDensitySolarDensity.value,allTransitsFit.starDensitySolarDensity.fitted,sector_run,numberOfPlanets,catId,decDegrees.value,decDegrees.uncertainty,effectiveTemp.value,effectiveTemp.uncertainty,limbDarkeningModel.modelName,log10Metallicity.value,log10Metallicity.uncertainty,log10SurfaceGravity.value,log10SurfaceGravity.uncertainty,tessMag.value,tessMag.uncertainty,stellarDensity.value,stellarDensity.uncertainty,radius.value,radius.uncertainty,raDegrees.value,raDegrees.uncertainty,ra.value,ra.uncertainty,pm_dec.value,pm_dec.uncertainty,taskFieldId,sectors_observed
1,17,ALL,true,claret_tess_nonlinear_limb_darkening_model,6394.362,7790.6885,16.358067,1,mandel-agol_geometric_transit_model,false,starDensitySolarDensity,-1.0,0.0,0.0,-1.0,1.8232963,0.1769214,0.0,-1.0,0,0.0,-1.0,1.8232963,0.1769214,0,0.0,-1.0,7.320606,-0.32647374,1.0749583,1.5843306925143157E-43,20.0,2.047086,3.81887,-1.697109,4.0917645,-1.1447192,3.1366968,2.047086,3.81887,-1.357079,4.0937724,-1.1953489,3.1238787,1.8084586,3.7014306,0.7,8,8,8,1.0,8,8,1.0,0,0,0,0,0,false,836829,39,816704,308,2,4,0.0,-1.0,0.0,-1.0,0.0,-1.0,0.0,-1.0,0.0,-1.0,0.0,-1.0,0.0,-1.0,0.0,-1.0,0.0,-1.0,0.0,-1.0,0.0,-1.0,0.0,-1.0,0.0,-1.0,0.0,-1.0,1782,500,0.0,-1.0,0.0,-1.0,0.0,-1.0,1842.74,1.0274973,1792,510,0.0,-1.0,0.0,-1.0,0.0,-1.0,1440.0715,1.0198245,false,false,0.0,0.0,-1.0,0.0,-1.0,0.0,-1.0,0.0,-1.0,0.0,-1.0,0.0,-1.0,0.0,-1.0,0.0,-1.0,0.0,-1.0,0.0,-1.0,EVEN,true,claret_tess_nonlinear_limb_darkening_model,6398.6143,7788.2017,13.232584,1,mandel-agol_geometric_transit_model,11.653697,1.0,0.80156034,0.78859633,ODD,true,claret_tess_nonlinear_limb_darkening_model,6398.6143,7788.2017,9.9573965,1,mandel-agol_geometric_transit_model,20,21.04269,9,1020.52356,1836,10,1,0,27.5603,25.506845,1335.2881,1613.0,1345.5144580523827,14.491064,6.949409,7.637477,52.799976,14.494392,-1.0,6.0,3.0156927,-10.958351,-3.826824,0.63084996,31.494408,-0.005827265,37116,2.7455,94.66721,33.251953,REDUCED_PARAMETER,true,claret_tess_nonlinear_limb_darkening_model,8568.944,8543.0,16.686855,1,mandel-agol_geometric_transit_model,true,transitEpochBtjd,0.0041467366,1345.5252229568011,REDUCED_PARAMETER,true,claret_tess_nonlinear_limb_darkening_model,8571.526,8543.0,16.60933,1,mandel-agol_geometric_transit_model,1.0319927,0.15103778,3.620441,1.4705061E-4,662.9419,641.42114,3641.6592,877.49744,TRAPEZOIDAL,true,,374530.03,13330.0,21.15753,1,trapezoidal_model,0.0041263294,1345.5266671715708,true,0.0,0.0,false,0.0,0.0,false,1.0761162,2.392781614848909,false,0.017425844,0.2699623825351388,false,88.65121,0.0250712428526258,true,0.0503342,1.0210100412368774,false,0.5607801,6.015916241767103,false,0.617955,0.12651604567880068,false,34.896057,549.0787859297312,false,3.2337688E-4,52.79916732021201,true,0.009596251,0.021466957584219903,true,151.51375,68.46935870065113,true,74.23056,89.97902015643255,false,16.29617,464.18377268885206,false,1.5407648,10.971874152661583,false,10.269471,1.546931913144206,false,1-39,1,167342439,-67.5372255493795,0.0,5409.22,107.287,claret_tess_nonlinear_limb_darkening_model,0.327557,0.0462431,4.39313,0.0723827,10.0906,0.006,0.8832825,0.15351932,1.02101,0.0503342,98.7297577831179,0.0,-14.9904,0.0481273,-11.3176,0.0516182,42530,1_2_3_4_5_6_7_8_9_11_12_13_28_29_30_31_32_33_34_35_36_38_39
1,17,ALL,true,claret_tess_nonlinear_limb_darkening_model,1728.3823,2133.3757,9.323665,1,mandel-agol_geometric_transit_model,false,starDensitySolarDensity,-1.0,0.0,0.0,-1.0,0.0,-1.0,0.0,-1.0,0,0.0,-1.0,0.0,-1.0,0,0.0,-1.0,11.028041,-3.104135,2.0642538,4.059266326510607E-7,3.0,8.815449,14.493181,-8.439464,15.0191145,-2.5470748,6.296686,8.815449,14.493181,-6.6846094,13.506473,-2.5057888,6.2941475,7.138836,12.838607,0.7,2,2,0,0.0,2,2,1.0,0,0,0,0,0,false,815829,38,796604,304,2,4,0.0,-1.0,0.0,-1.0,0.0,-1.0,0.0,-1.0,0.0,-1.0,0.0,-1.0,0.0,-1.0,0.0,-1.0,0.0,-1.0,0.0,-1.0,0.0,-1.0,0.0,-1.0,0.0,-1.0,0.0,-1.0,1632,811,0.0,-1.0,0.0,-1.0,0.0,-1.0,547.5994,0.9024803,1642,821,0.0,-1.0,0.0,-1.0,0.0,-1.0,1102.8251,0.89926606,false,false,0.0,0.0,-1.0,0.0,-1.0,0.0,-1.0,0.0,-1.0,0.0,-1.0,0.0,-1.0,0.0,-1.0,0.0,-1.0,0.0,-1.0,0.0,-1.0,EVEN,false,claret_tess_nonlinear_limb_darkening_model,-1.0,-1.0,-1.0,1,mandel-agol_geometric_transit_model,3.128209,0.99912065,4.6223016,0.9999981,ODD,false,claret_tess_nonlinear_limb_darkening_model,-1.0,-1.0,-1.0,1,mandel-agol_geometric_transit_model,3,0.002617737,1,243.07852,435,2,1,0,1.7863672,3.7603266,255.10744,270.0,1523.8963263274602,7.142818,5.820494,10.668007,355.34567,6.9842157,-1.0,6.0,3.7439322,105.58188,-4.197172,0.59670407,105.30688,-0.010888879,120305,3.7232597,346.59424,89.03179,REDUCED_PARAMETER,true,claret_tess_nonlinear_limb_darkening_model,1886.406,1828.0,8.046755,1,mandel-agol_geometric_transit_model,true,transitEpochBtjd,0.0049263397,1523.9055345734166,REDUCED_PARAMETER,true,claret_tess_nonlinear_limb_darkening_model,1872.0209,1828.0,8.957067,1,mandel-agol_geometric_transit_model,1.4383202,0.07517161,5.544573,1.4733617E-8,40108.227,27884.768,4662.1436,802.3732,TRAPEZOIDAL,true,,388555.94,2859.0,9.1129875,1,trapezoidal_model,0.0042163883,1523.918856149676,true,0.0,0.0,false,0.0,0.0,false,0.6660076,2.0756848871781717,false,0.06960876,0.9519841771005247,false,10.832877,0.13558180313968232,true,0.0433718,0.7962539792060852,false,0.52076536,7.1396691110008295,false,0.5592413,0.16955496123758476,false,71.39143,679.896441058521,false,0.0028808191,355.3490825354821,true,0.00755049,0.023878511772232644,true,574.53217,385.8744121958828,true,1.6384693,89.9798684105165,false,8.493075,213.0770995781033,false,0.07767054,0.48715605820545815,false,27.305727,6.1131367526717995,false,1-39,1,167719618,-65.0973881561145,0.0,5280.0,117.991,claret_tess_nonlinear_limb_darkening_model,0.0,0.0,4.59501,0.0826878,9.0803,0.006,1.8028433,0.35702434,0.796254,0.0433718,103.093512837104,0.0,-62.7091,0.0547558,-62.4175,0.0608733,42538,1_2_3_4_5_6_7_8_10_11_12_13_27_28_29_30_31_32_33_34_35_36_37_38
1,17,ALL,true,claret_tess_nonlinear_limb_darkening_model,74254.14,90238.72,19.772856,1,mandel-agol_geometric_transit_model,false,starDensitySolarDensity,-1.0,0.0,0.0,-1.0,0.2618758,0.6088344,0.0,-1.0,0,0.0,-1.0,0.2618758,0.6088344,0,0.0,-1.0,7.023295,-0.30833995,1.0321245,2.669490283700088E-69,730.0,1.2528881,3.249124,0.73080873,3.1507134,-1.0176675,3.275482,1.2528881,3.249124,1.3107597,3.2413583,-0.9122797,3.3053265,1.59698,3.221863,0.7,24,24,10,0.41666666,24,24,1.0,4,3,757,2060,19,false,836829,39,816704,308,2,4,-0.10483097,0.09703809,-0.16236635,0.087523624,0.1932676,0.0971957,-2.2692735,0.56100136,-3.36435,2.0987413,4.058134,1.7659129,1190.9164,1.5482909E-5,573.69495,1.5229535E-5,103.24261520280503,5.204902E-7,-70.64147673726019,5.437841E-7,1190.8116,0.09703809,573.53253,0.08752362,103.24071355835287,4.6999808E-4,-70.6424112789334,5.829834E-4,1186,569,426.61627,4.4988875,432.06967,2.7301846,5.4534225,5.2624993,431.0504,0.8919615,1196,579,1479.1195,4.6750836,1472.9421,2.83567,-6.1774464,5.4678545,1469.9753,0.9262397,true,true,0.86815846,-0.09905864,0.097038135,-0.18722904,0.08752367,0.21181908,0.095898226,-2.7930503,0.5608596,-3.460727,2.0987403,4.4472194,1.6684203,1190.9106,9.3795235E-5,573.7198,8.9720226E-5,103.24305412302837,0.0,-70.64144996588848,0.0,EVEN,true,claret_tess_nonlinear_limb_darkening_model,74275.72,90242.47,14.493147,1,mandel-agol_geometric_transit_model,11.518716,1.0,1.5830855,0.943299,ODD,true,claret_tess_nonlinear_limb_darkening_model,74275.72,90242.47,12.9427395,1,mandel-agol_geometric_transit_model,730,-1.0,-1,-1.0,-1,376,1,0,310.90897,377.08124,14710.102,15739.0,1355.3693157297764,17.811777,3.252887,14.210422,1.4178538,17.833693,-1.0,1.5,1.6831232,0.2511647,-1.7958573,0.5674377,0.37755355,-0.11305881,796,2.709171,34.76504,11.905389,REDUCED_PARAMETER,true,claret_tess_nonlinear_limb_darkening_model,93869.26,92240.0,20.050674,1,mandel-agol_geometric_transit_model,true,transitEpochBtjd,7.233497E-4,1355.369171321961,REDUCED_PARAMETER,true,claret_tess_nonlinear_limb_darkening_model,93850.914,92240.0,19.987244,1,mandel-agol_geometric_transit_model,2.0348735,0.020931797,5.838963,2.626339E-9,5.4007993,2.1626892,2930.825,284.61224,TRAPEZOIDAL,true,,390979.12,133551.0,22.141165,1,trapezoidal_model,7.6232717E-4,1355.3682068140015,true,0.0,0.0,false,0.0,0.0,false,0.1358436,1.365246061209917,false,0.0017185025,0.022941976402109078,false,0.06761692,0.916822021107851,true,0.0451056,0.756335973739624,false,0.119541556,1.6752750779131738,false,0.13612974,0.15965986481400452,false,14.156463,222.97760577657834,false,5.265684E-6,1.4178604759631475,true,0.0013169592,0.016534597342492217,true,1.0168529,2.9940104031532524,true,7.6162944,72.1685001980116,false,50.065674,1243.4687820453878,false,90.99671,565.0157419672739,false,0.18274914,0.17936160758267525,false,1-39,1,177077336,-70.6423037125976,0.0,4907.96,111.351,claret_tess_nonlinear_limb_darkening_model,0.0501746,0.0577727,4.58373,0.0827129,10.0686,0.0061,1.8493336,0.36907578,0.756336,0.0451056,103.244066553794,0.0,-56.3498,0.0538061,143.357,0.0475112,42541,2_3_4_5_6_7_8_9_10_12_13_27_28_29_30_31_32_33_34_35_36_37_38_39
1,17,ALL,true,claret_tess_nonlinear_limb_darkening_model,12920.749,15453.898,19.602139,1,mandel-agol_geometric_transit_model,false,starDensitySolarDensity,-1.0,0.0,2856.7053,1.0,0.74723107,0.3873543,0.0,-1.0,2,2856.7053,1.0,0.74723107,0.3873543,0,0.0,-1.0,6.9518065,-0.103097945,0.99241364,7.903307221859435E-70,220.0,1.1681647,2.8817382,-1.1381426,2.9077268,0.26313576,2.6168861,1.1681647,2.8817382,-1.1875247,2.8159692,-0.82581097,2.5630085,1.4464365,2.7611017,0.7,14,12,9,0.75,14,14,1.0,0,0,143,412,4,false,815829,38,796604,304,3,4,-0.11593098,0.1538885,0.10453876,0.18489176,0.15610364,0.17230964,-3.1540222,2.1673276,0.41496113,3.319214,3.1812024,2.1193347,516.0222,9.9514735E-5,577.83167,1.030073E-4,92.39273138744406,8.599656E-7,-53.82212783693203,8.82602E-7,515.9063,0.15388846,577.9362,0.18489173,92.39124718239047,0.00101987,-53.82201256994849,9.2200347E-4,511,572,1454.3387,10.47238,1445.1279,6.1721306,-9.210831,12.155901,1468.3545,0.9290463,521,582,170.99223,10.11756,167.28192,5.960716,-3.710314,11.742877,168.339,0.89723134,true,true,0.7320054,-0.20727158,0.15388851,0.018430669,0.18489176,0.2080894,0.15490134,-3.0287492,2.1672485,2.8355765,3.3192124,4.1489534,2.5378473,516.1136,1.14335955E-4,577.9178,1.14096605E-4,92.39267245986223,0.0,-53.822800230071614,0.0,EVEN,true,claret_tess_nonlinear_limb_darkening_model,12905.555,15445.737,14.640002,1,mandel-agol_geometric_transit_model,12.722008,1.0,1.4457902,0.925882,ODD,true,claret_tess_nonlinear_limb_darkening_model,12905.555,15445.737,12.883124,1,mandel-agol_geometric_transit_model,220,31.466358,68,2132.457,3521,69,1,0,49.87743,87.31519,2601.885,2764.0,1412.8276260434848,17.3883,4.0978746,5.314071,4.3239107,17.48264,-1.0,1.5,2.5835514,2.9933329,-2.6033163,0.5676401,1.865254,-0.07748906,2889,2.0938938,114.32775,50.171955,REDUCED_PARAMETER,true,claret_tess_nonlinear_limb_darkening_model,16975.842,16839.0,20.049055,1,mandel-agol_geometric_transit_model,true,transitEpochBtjd,8.1109547E-4,1412.8280826821874,REDUCED_PARAMETER,true,claret_tess_nonlinear_limb_darkening_model,16970.016,16839.0,19.85864,1,mandel-agol_geometric_transit_model,2.1044104,0.017671328,5.9446063,1.3856117E-9,33.894665,15.631297,2100.9583,257.5775,TRAPEZOIDAL,true,,217434.03,24280.0,20.966534,1,trapezoidal_model,9.744074E-4,1412.8269708348362,true,0.0,0.0,false,0.0,0.0,false,0.13251486,1.7417451588461483,false,8.3638815E-4,0.040433068623531965,false,0.09235863,0.8737204886718523,true,0.0141473,0.47314101457595825,false,0.13567527,1.5902667419509635,false,0.15217438,0.20125258626878473,false,58.90229,1031.222136911223,false,1.0390226E-5,4.323908484345614,true,0.0023590624,0.03372030262643077,true,3.8597465,11.512648301459025,true,1.9213736,85.64751088286539,false,23.914667,563.1759588639111,false,4.0381055,23.773735706818456,false,1.102843,1.0965016544657882,false,1-39,2,219195044,-53.8234843718227,0.0,3731.0,157.0,claret_tess_nonlinear_limb_darkening_model,0.0,0.0,4.76101,0.00720021,11.5436,0.00732993,4.446511,0.15202418,0.473141,0.0141473,92.3917403896938,0.0,92.7211,0.0551481,115.298,0.0578391,42511,4_5_6_7_8_11_12_28_31_32_33_34_35_38
2,17,ALL,true,claret_tess_nonlinear_limb_darkening_model,7227.252,8787.0,14.034729,2,mandel-agol_geometric_transit_model,false,starDensitySolarDensity,-1.0,0.0,0.0,-1.0,0.025042322,0.8742617,2856.7053,1.0,0,0.0,-1.0,0.025042322,0.8742617,1,2856.7053,1.0,7.003491,-0.022320822,0.98910034,6.655884455172412E-44,93.0,1.0502177,3.8823595,-0.8244346,3.2914588,0.65058815,3.9009373,1.0502177,3.8823595,-1.0344322,3.3231692,0.011595792,4.0729427,1.0344971,3.336298,0.7,14,11,3,0.27272728,14,14,1.0,0,0,106,266,2,false,815829,38,796604,304,3,4,1.3550478,0.2821812,0.5661506,0.21957581,1.4685643,0.27951103,9.164496,2.9270968,-27.07177,5.417731,28.580915,5.428119,516.02264,1.2542454E-4,577.8203,1.3332402E-4,92.3927368638511,9.628383E-7,-53.822138471444596,1.0097691E-6,517.3777,0.28218117,578.3865,0.21957576,92.39704945084613,0.0013772533,-53.82965840738835,0.001504925,511,572,1479.8967,12.622286,1503.5406,7.9640326,23.643986,14.924742,1468.3545,0.9290463,521,582,152.30385,12.212367,162.69589,7.702701,10.392039,14.438612,168.339,0.89723134,true,true,0.47164065,1.2655813,0.2821812,0.480892,0.2195758,1.353866,0.28039405,9.301211,2.9266968,-24.689438,5.41773,26.383345,5.404794,516.1121,1.1468606E-4,577.9056,1.1455608E-4,92.39267245986223,0.0,-53.822800230071614,0.0,EVEN,true,claret_tess_nonlinear_limb_darkening_model,7228.833,8783.05,9.258354,2,mandel-agol_geometric_transit_model,9.444376,1.0,-1.6371634,0.050798167,ODD,true,claret_tess_nonlinear_limb_darkening_model,7228.833,8783.05,10.716399,2,mandel-agol_geometric_transit_model,93,13.397017,26,1061.467,1785,27,2,0,24.267946,39.08819,1387.9553,1437.0,1419.1047066391402,13.673494,4.8325295,4.9069066,10.177596,13.224356,-1.0,2.0,3.584099,3.7039645,-3.0877304,0.65485257,2.178965,-0.04020357,7028,3.281866,245.30966,69.437744,REDUCED_PARAMETER,true,claret_tess_nonlinear_limb_darkening_model,9141.79,9228.0,14.756623,2,mandel-agol_geometric_transit_model,true,transitEpochBtjd,0.0015242579,1419.1073148786431,REDUCED_PARAMETER,true,claret_tess_nonlinear_limb_darkening_model,9145.302,9228.0,14.431306,2,mandel-agol_geometric_transit_model,1.6628157,0.04817467,5.414023,3.081214E-8,286.09378,171.45242,2692.0913,418.65918,TRAPEZOIDAL,true,,206463.33,13844.0,16.154789,2,trapezoidal_model,0.001706858,1419.1078463681001,true,0.0,0.0,false,0.0,0.0,false,0.41264367,1.5538939226595327,false,0.0014799658,0.07154519961220718,false,1.1547995,0.6750207578777669,true,0.0141473,0.47314101457595825,false,0.3249302,2.0928209450356547,false,0.34312767,0.1097707631113235,false,70.3837,953.6787120168124,false,3.5842717E-5,10.17752525533003,true,0.007938006,0.030083490145115684,true,41.183044,28.91813576113493,true,4.193496,88.66245341972024,false,17.978045,423.3720745520158,false,1.2897041,7.592937703397585,false,13.400847,3.136628358877185,false,1-39,2,219195044,-53.8234843718227,0.0,3731.0,157.0,claret_tess_nonlinear_limb_darkening_model,0.0,0.0,4.76101,0.00720021,11.5436,0.00732993,4.446511,0.15202418,0.473141,0.0141473,92.3917403896938,0.0,92.7211,0.0551481,115.298,0.0578391,42511,4_5_6_7_8_11_12_28_31_32_33_34_35_38
1,17,ALL,true,claret_tess_nonlinear_limb_darkening_model,12505.002,15001.116,6.6260495,1,mandel-agol_geometric_transit_model,false,starDensitySolarDensity,-1.0,0.0,0.0,-1.0,2.411098,0.120477825,0.0,-1.0,0,0.0,-1.0,2.411098,0.120477825,0,0.0,-1.0,7.460448,-0.21772486,1.0796074,8.417805519795665E-13,21.0,7.206632,6.359487,-2.3042064,2.8335552,-6.8283362,6.6478257,7.206632,6.359487,-2.3602383,2.9395857,-7.3047776,6.7329764,7.6766205,6.554647,0.7,6,4,3,0.75,6,6,1.0,0,0,0,0,0,false,836829,39,816704,308,3,4,0.0,-1.0,0.0,-1.0,0.0,-1.0,0.0,-1.0,0.0,-1.0,0.0,-1.0,0.0,-1.0,0.0,-1.0,0.0,-1.0,0.0,-1.0,0.0,-1.0,0.0,-1.0,0.0,-1.0,0.0,-1.0,14,1098,0.0,-1.0,0.0,-1.0,0.0,-1.0,90.26471,0.9415767,24,1108,0.0,-1.0,0.0,-1.0,0.0,-1.0,29292.33,1.5775279,false,false,0.0,0.0,-1.0,0.0,-1.0,0.0,-1.0,0.0,-1.0,0.0,-1.0,0.0,-1.0,0.0,-1.0,0.0,-1.0,0.0,-1.0,0.0,-1.0,EVEN,true,claret_tess_nonlinear_limb_darkening_model,12488.108,14992.805,5.790629,1,mandel-agol_geometric_transit_model,2.7568636,0.99708205,0.3218082,0.626201,ODD,true,claret_tess_nonlinear_limb_darkening_model,12488.108,14992.805,3.8098042,1,mandel-agol_geometric_transit_model,21,3.0494735,6,1950.2007,3328,7,1,0,7.7404194,10.307593,3083.245,2998.0,1365.8866715496422,7.4069495,5.1596174,5.638996,49.618034,7.5851626,-1.0,15.0,2.9033685,32.074963,-3.1054595,0.6947636,23.897188,-0.026862321,33475,2.500258,42.268143,17.154234,REDUCED_PARAMETER,true,claret_tess_nonlinear_limb_darkening_model,15948.818,15229.0,6.347223,1,mandel-agol_geometric_transit_model,true,transitEpochBtjd,0.017161734,1365.9022114095567,REDUCED_PARAMETER,true,claret_tess_nonlinear_limb_darkening_model,15941.178,15229.0,5.756242,1,mandel-agol_geometric_transit_model,1.8081156,0.035294253,6.168662,3.4435121E-10,261.07513,143.83768,4629.622,629.19366,TRAPEZOIDAL,true,,267856.47,23456.0,3.711688,1,trapezoidal_model,0.022951817,1365.9164599855242,true,0.0,0.0,false,0.0,0.0,false,0.45048597,2.4615172228905076,false,0.017056474,0.2608202513769785,false,0.48909083,0.7606692539164487,true,0.118015,2.462049961090088,false,0.8032176,15.745364067017384,false,0.64461815,0.335191303985716,false,12.5076065,84.10212149000496,false,0.0015952135,49.6143456503488,true,0.0016175213,0.009158059599538892,true,13.991993,15.986445119598196,true,4.1428385,87.27271447073967,false,26.38918,744.9269535892969,false,10.3121195,72.77391782453097,false,0.058549695,0.022298606970576215,false,1-39,1,255560319,-53.5759394805541,0.0,5494.7,106.726,claret_tess_nonlinear_limb_darkening_model,-0.07,0.1,3.63775,0.0743375,8.4379,0.006,0.06433582,0.011435908,2.46205,0.118015,96.0719249882355,0.0,-39.5146,0.044781,57.2502,0.062066,42514,1_2_5_7_8_11_12_28_29_31_32_33_34_35_38_39
1,17,ALL,true,claret_tess_nonlinear_limb_darkening_model,1990.6381,2473.6262,7.693218,1,mandel-agol_geometric_transit_model,false,starDensitySolarDensity,-1.0,0.0,0.0,-1.0,1.9256386,0.1652364,0.0,-1.0,0,0.0,-1.0,1.9256386,0.1652364,0,0.0,-1.0,5.818443,1.5990936,0.64154744,1.0268850466472563E-20,2.0,4.8521237,3.7125003,3.8848538,3.47368,-2.907063,2.8450193,4.8521237,3.7125003,3.6948006,4.7015862,-2.0103517,3.2409556,4.2063127,5.1332593,0.7,2,2,1,0.5,2,2,1.0,0,0,0,0,0,false,836829,39,816704,308,4,4,0.0,-1.0,0.0,-1.0,0.0,-1.0,0.0,-1.0,0.0,-1.0,0.0,-1.0,0.0,-1.0,0.0,-1.0,0.0,-1.0,0.0,-1.0,0.0,-1.0,0.0,-1.0,0.0,-1.0,0.0,-1.0,425,245,0.0,-1.0,0.0,-1.0,0.0,-1.0,-47.68492,1.082174,435,255,0.0,-1.0,0.0,-1.0,0.0,-1.0,625.21844,1.1032976,false,false,0.0,0.0,-1.0,0.0,-1.0,0.0,-1.0,0.0,-1.0,0.0,-1.0,0.0,-1.0,0.0,-1.0,0.0,-1.0,0.0,-1.0,0.0,-1.0,EVEN,true,claret_tess_nonlinear_limb_darkening_model,1991.6746,2472.028,4.8926187,1,mandel-agol_geometric_transit_model,4.4956803,0.99999654,-0.24344169,0.40383163,ODD,true,claret_tess_nonlinear_limb_darkening_model,1991.6746,2472.028,6.3184137,1,mandel-agol_geometric_transit_model,2,1.4333073,1,323.60486,542,2,1,0,1.5274941,5.2417436,586.2145,538.0,1507.6588330540233,7.539507,5.8004255,5.8403397,602.2428,7.386562,-1.0,9.0,3.346676,168.99295,-4.2110476,0.66113883,108.594376,-0.016309429,85839,2.7639477,96.27705,33.639404,REDUCED_PARAMETER,true,claret_tess_nonlinear_limb_darkening_model,2822.4272,2734.0,7.206196,1,mandel-agol_geometric_transit_model,true,transitEpochBtjd,0.008644837,1507.6580240475141,REDUCED_PARAMETER,true,claret_tess_nonlinear_limb_darkening_model,2825.1682,2734.0,7.255175,1,mandel-agol_geometric_transit_model,1.0421885,0.14866214,3.9438243,4.0096213E-5,14536.602,13947.189,5172.2563,1234.1732,TRAPEZOIDAL,true,,407356.3,4291.0,0.0,1,trapezoidal_model,0.007963274,1507.660183313116,true,0.0,0.0,false,0.0,0.0,false,1.2447399,2.800769052637349,false,0.103667684,1.4672685593054786,false,5.5340095,0.4128746743660403,true,0.086721,1.8626699447631836,false,0.8475241,8.941315384971439,false,0.86750805,0.1460409750759967,false,26.729952,212.34227009225836,false,0.012024281,602.2414376740157,true,0.0060875695,0.013773326424639819,true,1308.8114,476.42007889916135,true,0.80193686,89.9503463848024,false,11.943456,304.66587710155943,false,0.3192879,2.036180452022289,false,33.012154,4.005580527604896,false,1-39,1,350299588,-57.1385045012568,0.0,6128.0,132.772,claret_tess_nonlinear_limb_darkening_model,0.0,0.0,3.96225,0.0826951,8.3987,0.006,0.17952043,0.0351899,1.86267,0.086721,83.909612369261,0.0,41.3019,0.0420531,-29.1101,0.0439427,42549,1_2_3_4_5_6_7_8_9_10_11_12_13_27_28_29_30_31_33_34_35_36_37_38_39
1,17,ALL,true,claret_tess_nonlinear_limb_darkening_model,35737.793,42714.438,9.226828,1,mandel-agol_geometric_transit_model,false,starDensitySolarDensity,-1.0,0.0,0.0,-1.0,0.34225798,0.5585288,0.0,-1.0,0,0.0,-1.0,0.34225798,0.5585288,0,0.0,-1.0,6.757866,-0.18694028,0.9762464,1.3638742855323409E-18,56.0,26.175829,5.191808,17.212372,5.9865417,19.720757,3.3287117,26.175829,5.191808,17.581938,5.452504,18.115261,3.3255916,25.244549,4.673834,0.7,13,11,1,0.09090909,13,13,1.0,4,2,814,1896,2,false,836829,39,816704,308,4,4,-0.8385894,0.033306587,-1.3337811,0.072209686,1.5755012,0.06423245,25.014503,0.7020108,22.073032,0.6842523,33.360817,0.68749094,1936.5255,2.8108816E-5,72.29007,3.1159005E-5,88.33643553092655,1.8172162E-6,-65.63320268286527,1.7143053E-6,1935.6869,0.033306576,70.95629,0.07220968,88.3532771864809,4.1321167E-4,-65.62707128513786,1.9006236E-4,1931,67,1136.5883,5.582554,1137.8712,3.6526995,1.2829401,6.6713657,1108.9907,1.1004121,1941,77,18561.883,7.3160925,18540.455,4.789446,-21.427004,8.7443695,18614.236,1.4690644,true,true,0.69017804,-0.86920196,0.033307917,-1.2823423,0.07221037,1.5491656,0.06323681,23.835943,0.61373025,22.537012,0.6842245,32.803493,0.6422585,1936.5562,2.991401E-4,72.23863,3.1607336E-4,88.33722894818138,0.0,-65.63333156637171,0.0,EVEN,true,claret_tess_nonlinear_limb_darkening_model,35750.586,42714.38,5.51616,1,mandel-agol_geometric_transit_model,1.8395029,0.9670794,2.4485023,0.9928274,ODD,true,claret_tess_nonlinear_limb_darkening_model,35750.586,42714.38,7.4821725,1,mandel-agol_geometric_transit_model,56,21.441132,21,5490.685,10427,22,1,0,30.484524,24.38081,7250.3438,7937.0,1363.8227842651108,8.328106,4.1078124,5.844349,18.62638,9.447254,-1.0,15.0,3.336453,10.626362,-2.645158,0.7491255,7.2083073,-0.008330097,11161,2.7853405,163.64041,55.498398,REDUCED_PARAMETER,true,claret_tess_nonlinear_limb_darkening_model,45822.223,44808.0,9.273397,1,mandel-agol_geometric_transit_model,true,transitEpochBtjd,0.010222366,1363.8274025460155,REDUCED_PARAMETER,true,claret_tess_nonlinear_limb_darkening_model,45825.613,44808.0,9.180268,1,mandel-agol_geometric_transit_model,1.7259418,0.04217894,5.839043,2.6250717E-9,829.22205,479.86673,3044.6353,458.31442,TRAPEZOIDAL,true,,262585.53,68944.0,17.657862,1,trapezoidal_model,0.011247206,1363.8214462006538,true,0.0,0.0,false,0.0,0.0,false,0.27808923,1.1783901718117822,false,0.002401017,0.1130945034703387,false,2.8094146,0.3719918399597562,true,0.0166798,0.5613009929656982,false,0.9219414,15.6904223102657,false,0.91200227,0.34387620736457747,false,45.43838,424.9274807387661,false,3.5152686E-4,18.62638802715121,true,0.0045020995,0.019230507673253943,true,10.305019,8.631177417489763,true,21.617472,87.52986583113496,false,15.603267,366.96703864147423,false,0.72891635,4.285773652630676,false,0.08918424,0.0248994299732933,false,1-39,1,374829238,-65.6339403024196,0.0,3733.0,157.0,claret_tess_nonlinear_limb_darkening_model,0.0,0.0,4.68421,0.00994379,11.5026,0.00737907,3.1406085,0.11781702,0.561301,0.0166798,88.3374489568932,0.0,-15.2413,0.0509349,102.216,0.0457605,42514,2_3_6_7_9_10_12_13_27_29_30_33_34_36_37_39
1,17,ALL,true,claret_tess_nonlinear_limb_darkening_model,892.62976,1028.888,22.48353,1,mandel-agol_geometric_transit_model,false,starDensitySolarDensity,-1.0,0.0,0.0,-1.0,0.0,-1.0,0.0,-1.0,0,0.0,-1.0,0.0,-1.0,0,0.0,-1.0,6.760385,0.17341143,0.92825764,1.0051475259073534E-81,13.0,3.2272556,2.9355528,-1.6152997,2.5037017,-2.7939193,3.066369,3.2272556,2.9355528,-0.55459875,2.5001078,-3.025364,3.4020877,3.0757773,3.376554,0.7,2,2,2,1.0,2,2,1.0,0,0,89,236,1,false,836829,39,816704,308,2,3,0.033147693,0.056928463,-0.00406672,0.058783516,0.033396225,0.056498364,-0.58498144,0.201338,-0.38484257,1.1499444,0.70021933,0.6439295,1537.0192,1.2927614E-4,695.9895,1.2927162E-4,196.65144979814497,9.794695E-7,-80.61706699786119,9.159205E-7,1537.0524,0.056928314,695.9855,0.058783375,196.65045309338402,3.4246573E-4,-80.61717389857267,3.1942772E-4,1533,691,1005.82874,15.115159,997.87494,9.235596,-7.953792,17.713392,1020.1587,1.010694,1543,701,16576.496,20.26701,16564.424,12.413272,-12.07355,23.766382,16220.99,1.3569664,true,true,0.79510266,0.07747153,0.056928415,-0.0021533591,0.05878346,0.07750145,0.056824893,-1.4366883,0.20100068,-0.7620259,1.1499398,1.6262708,0.55681056,1536.9749,1.0707253E-4,695.9876,1.0025016E-4,196.65290092852976,0.0,-80.61696222470543,0.0,EVEN,false,claret_tess_nonlinear_limb_darkening_model,-1.0,-1.0,-1.0,1,mandel-agol_geometric_transit_model,15.177945,1.0,-0.6722226,0.250721,ODD,false,claret_tess_nonlinear_limb_darkening_model,-1.0,-1.0,-1.0,1,mandel-agol_geometric_transit_model,13,5.1191416,1,145.3293,233,2,1,0,2.162133,30.664791,166.35002,144.0,1629.3080912807459,17.914175,13.089788,14.644729,61.956917,17.968485,-1.0,2.5,3.3925695,8.693028,-3.086781,0.5680117,-7.891686,-0.007330483,18234,2.861445,813.6778,263.82925,REDUCED_PARAMETER,true,claret_tess_nonlinear_limb_darkening_model,803.88434,778.0,23.241156,1,mandel-agol_geometric_transit_model,true,transitEpochBtjd,0.0018380268,1629.3311633780788,REDUCED_PARAMETER,true,claret_tess_nonlinear_limb_darkening_model,823.87714,778.0,22.369238,1,mandel-agol_geometric_transit_model,2.6972919,0.0034952974,9.966138,0.0,1339.567,496.2633,3372.4912,301.8868,TRAPEZOIDAL,true,,65099.637,1172.0,23.728756,1,trapezoidal_model,0.0021657841,1629.3313326039702,true,0.0,0.0,false,0.0,0.0,false,0.4374106,5.4510787581336,false,0.02123466,0.29819523764277117,false,0.26588073,0.6173960311269191,true,0.0356532,0.6976659893989563,false,0.21732779,3.804162320599671,false,0.23362038,0.39620373407382903,false,255.52345,5535.460408535869,false,2.5303723E-4,61.95703239955212,true,0.0044277376,0.07157022015354977,true,28.531822,108.97485341551176,true,0.224588,89.67538955084986,false,14.127371,360.55308779142086,false,0.62596494,3.993906363121328,false,3.557611,4.529332777462843,false,1-39,1,418255064,-80.6171063540537,0.0,5342.0,117.665,claret_tess_nonlinear_limb_darkening_model,0.0,0.0,4.71456,0.0814719,11.6157,0.006,2.7096443,0.5268417,0.697666,0.0356532,196.653468860933,0.0,-15.5474,0.0515801,24.2015,0.0488707,42464,11_12_38_39
