uid,target_id,tce_plnt_num,tce_period,tce_duration,tce_time0bk,tce_depth,ruwe,tce_prad,tce_max_mult_ev,score
219195044-1-S1-39,219195044,1,4.32390832901001,0.0662611126899719,1412.8270263671875,1031.22216796875,1.188257336616516,1.741745114326477,17.3882999420166,0.99947673
219195044-2-S1-39,219195044,2,10.177525520324709,0.0872008726000785,1419.1077880859375,953.6787109375,1.188257336616516,1.5538939237594604,13.673494338989258,0.9987526
167342439-1-S1-39,167342439,1,52.79916763305664,0.2506631910800934,1345.526611328125,549.0787963867188,1.013587236404419,2.3927814960479736,14.491064071655272,0.9877188
418255064-1-S1-39,418255064,1,61.95703125,0.158506765961647,1629.331298828125,5535.46044921875,0.9721428751945496,5.45107889175415,17.914175033569336,0.98743516
177077336-1-S1-39,177077336,1,1.417860507965088,0.0698031261563301,1355.3681640625,222.97760009765625,0.9431205987930298,1.365246057510376,17.811777114868164,0.58498275
374829238-1-S1-39,374829238,1,18.626388549804688,0.6537675857543945,1363.8214111328125,424.927490234375,1.0393933057785034,1.1783901453018188,8.328105926513672,6.277423e-08
167719618-1-S1-39,167719618,1,355.3490905761719,0.2974862158298492,1523.9188232421875,679.8964233398438,1.0509579181671145,2.0756847858428955,7.142817974090576,6.2614053e-10
255560319-1-S1-39,255560319,1,49.61434555053711,0.656056821346283,1365.91650390625,84.10211944580078,1.0103086233139038,2.461517333984375,7.406949520111084,3.1728112e-10
350299588-1-S1-39,350299588,1,602.241455078125,0.3725548088550567,1507.66015625,212.3422698974609,1.024108648300171,2.800769090652466,7.539506912231445,6.162447e-11
