,uid,num_transits_flux_global,num_transits_flux_local,num_transits_flux_global_unfolded,num_transits_flux_local_unfolded,num_transits_flux_global_norm,num_transits_flux_global_unfolded_norm,num_transits_flux_local_norm,num_transits_flux_local_unfolded_norm,num_transits_flux_trend_global,num_transits_flux_trend_local,num_transits_flux_trend_global_unfolded,num_transits_flux_trend_local_unfolded,num_transits_flux_trend_global_norm,num_transits_flux_trend_local_norm,num_transits_flux_trend_global_unfolded_norm,num_transits_flux_trend_local_unfolded_norm,num_transits_flux_odd_local,num_transits_flux_odd_local_norm,num_transits_flux_even_local,num_transits_flux_even_local_norm,num_transits_flux_weak_secondary_local,num_transits_flux_weak_secondary_local_norm,num_transits_centroid_offset_distance_to_target_global,num_transits_centroid_offset_distance_to_target_local,num_transits_momentum_dump_local,flux_global_stat_abs_min,flux_local_stat_abs_min,flux_trend_global_stat_max,flux_trend_global_stat_min,flux_odd_local_stat_se_oot,flux_odd_local_stat_std_oot_bin,flux_even_local_stat_se_oot,flux_even_local_stat_std_oot_bin,flux_odd_local_stat_abs_min,flux_even_local_stat_abs_min,flux_weak_secondary_local_stat_abs_min,centroid_offset_distance_to_target_global_stat_abs_max,centroid_offset_distance_to_target_local_stat_abs_max,avg_oot_centroid_offset,std_oot_centroid_offset,peak_centroid_offset,mid_local_flux_shift,mid_global_flux_shift,transit_depth_hat,transit_depth_hat_se,odd_even_flag,transit_depth_odd_hat,transit_depth_odd_hat_se,transit_depth_even_hat,transit_depth_even_hat_se,wks_transit_depth_hat,wks_transit_depth_hat_se,shard
0,167526485-1-S1-39,110,110,20,20,110,20,110,20,110,110,20,20,110,110,20,20,58,58,57,57,109,109,110,110,-1,0.011345642355566588,0.011199544644225257,1.0013909042309455,0.9986818546038696,0.0005208584852227688,0.006810088003040859,0.0004900146906314977,0.010123553171821974,0.011235719242622677,0.011136053941185331,0.0008415054470388927,3.3425224806317475,3.3340102458691923,3.140263528911696,0.06679324468077323,0.19374671695749646,15,40,11422.254488911654,988577.7455110884,replaced bins 0 (odd) 0 (even) ,11529.561694814562,33.4924432781347,11341.302570147982,29.32529098360912,1005.6416239057064,19.19567594058108,shard-00000-of-00001-node-2
1,167526485-2-S1-39,109,109,20,20,109,20,109,20,109,109,20,20,109,109,20,20,57,57,56,56,109,109,109,109,-1,0.011316359648011387,0.0008521778928947342,1.0013889949595234,0.9986827009236795,0.006153084871169103,0.14351162903272283,0.006227558086189407,0.15751792460721992,0.0008766046644923531,0.0008359555450662137,0.000141976696076651,59.42662086862555,57.999372216470846,55.061636090732065,1.2386839572515793,2.2739531211797015,-11,-89,1007.8241234311447,998992.1758765689,replaced bins 0 (odd) 0 (even) ,1003.482713520576,25.647015537436566,1018.5423510497005,25.620195980053047,75.12372592444194,18.294068613365777,shard-00000-of-00001-node-2
0,167526485-1-S6,5,5,20,20,5,20,5,20,5,5,20,20,5,5,20,20,2,2,3,3,5,5,5,5,-1,0.01112596222691089,0.010993027657870936,1.0018882225982013,0.9983203386252162,0.0021045038951934274,0.014106795240826593,0.001743512523461503,0.012484957401588172,0.01069637313896532,0.011380538280653107,0.00026189489604557794,3.7789612068501968,3.4104227386659285,2.953614041585138,0.24422518397053491,0.4568086970807905,2,108,11050.675011957555,988949.3249880425,replaced bins 0 (odd) 0 (even) ,10762.386698757398,87.15786547190794,11489.872945850355,98.8721893660599,46.79014068798004,69.63977858392049,shard-00000-of-00001-node-2
0,167526485-1-S1-39,110,110,20,20,110,20,110,20,110,110,20,20,110,110,20,20,58,58,57,57,109,109,110,110,-1,0.011345642355566588,0.011199544644225257,1.0013909042309455,0.9986818546038696,0.0005208584852227688,0.006810088003040859,0.0004900146906314977,0.010123553171821974,0.011235719242622677,0.011136053941185331,0.0008415054470388927,3.3425224806317475,3.3340102458691923,3.140263528911696,0.06679324468077323,0.19374671695749646,15,40,11422.254488911654,988577.7455110884,replaced bins 0 (odd) 0 (even) ,11529.561694814562,33.4924432781347,11341.302570147982,29.32529098360912,1005.6416239057064,19.19567594058108,shard-00000-of-00001-node-2
1,167526485-2-S1-39,109,109,20,20,109,20,109,20,109,109,20,20,109,109,20,20,57,57,56,56,109,109,109,109,-1,0.011316359648011387,0.0008521778928947342,1.0013889949595234,0.9986827009236795,0.006153084871169103,0.14351162903272283,0.006227558086189407,0.15751792460721992,0.0008766046644923531,0.0008359555450662137,0.000141976696076651,59.42662086862555,57.999372216470846,55.061636090732065,1.2386839572515793,2.2739531211797015,-11,-89,1007.8241234311447,998992.1758765689,replaced bins 0 (odd) 0 (even) ,1003.482713520576,25.647015537436566,1018.5423510497005,25.620195980053047,75.12372592444194,18.294068613365777,shard-00000-of-00001-node-2
0,167526485-1-S6,5,5,20,20,5,20,5,20,5,5,20,20,5,5,20,20,2,2,3,3,5,5,5,5,-1,0.01112596222691089,0.010993027657870936,1.0018882225982013,0.9983203386252162,0.0021045038951934274,0.014106795240826593,0.001743512523461503,0.012484957401588172,0.01069637313896532,0.011380538280653107,0.00026189489604557794,3.7789612068501968,3.4104227386659285,2.953614041585138,0.24422518397053491,0.4568086970807905,2,108,11050.675011957555,988949.3249880425,replaced bins 0 (odd) 0 (even) ,10762.386698757398,87.15786547190794,11489.872945850355,98.8721893660599,46.79014068798004,69.63977858392049,shard-00000-of-00001-node-2
0,167526485-1-S1-39,110,110,20,20,110,20,110,20,110,110,20,20,110,110,20,20,58,58,57,57,109,109,110,110,-1,0.011345642355566588,0.011199544644225257,1.0013909042309455,0.9986818546038696,0.0005208584852227688,0.006810088003040859,0.0004900146906314977,0.010123553171821974,0.011235719242622677,0.011136053941185331,0.0008415054470388927,3.3425224806317475,3.3340102458691923,3.140263528911696,0.06679324468077323,0.19374671695749646,15,40,11422.254488911654,988577.7455110884,replaced bins 0 (odd) 0 (even) ,11529.561694814562,33.4924432781347,11341.302570147982,29.32529098360912,1005.6416239057064,19.19567594058108,shard-00000-of-00001-node-2
1,167526485-2-S1-39,109,109,20,20,109,20,109,20,109,109,20,20,109,109,20,20,57,57,56,56,109,109,109,109,-1,0.011316359648011387,0.0008521778928947342,1.0013889949595234,0.9986827009236795,0.006153084871169103,0.14351162903272283,0.006227558086189407,0.15751792460721992,0.0008766046644923531,0.0008359555450662137,0.000141976696076651,59.42662086862555,57.999372216470846,55.061636090732065,1.2386839572515793,2.2739531211797015,-11,-89,1007.8241234311447,998992.1758765689,replaced bins 0 (odd) 0 (even) ,1003.482713520576,25.647015537436566,1018.5423510497005,25.620195980053047,75.12372592444194,18.294068613365777,shard-00000-of-00001-node-2
0,167526485-1-S6,5,5,20,20,5,20,5,20,5,5,20,20,5,5,20,20,2,2,3,3,5,5,5,5,-1,0.01112596222691089,0.010993027657870936,1.0018882225982013,0.9983203386252162,0.0021045038951934274,0.014106795240826593,0.001743512523461503,0.012484957401588172,0.01069637313896532,0.011380538280653107,0.00026189489604557794,3.7789612068501968,3.4104227386659285,2.953614041585138,0.24422518397053491,0.4568086970807905,2,108,11050.675011957555,988949.3249880425,replaced bins 0 (odd) 0 (even) ,10762.386698757398,87.15786547190794,11489.872945850355,98.8721893660599,46.79014068798004,69.63977858392049,shard-00000-of-00001-node-2
0,167526485-1-S1-39,110,110,20,20,110,20,110,20,110,110,20,20,110,110,20,20,58,58,57,57,109,109,110,110,-1,0.011345642355566588,0.011199544644225257,1.0013909042309455,0.9986818546038696,0.0005208584852227688,0.006810088003040859,0.0004900146906314977,0.010123553171821974,0.011235719242622677,0.011136053941185331,0.0008415054470388927,3.3425224806317475,3.3340102458691923,3.140263528911696,0.06679324468077323,0.19374671695749646,15,40,11422.254488911654,988577.7455110884,replaced bins 0 (odd) 0 (even) ,11529.561694814562,33.4924432781347,11341.302570147982,29.32529098360912,1005.6416239057064,19.19567594058108,shard-00000-of-00001-node-2
1,167526485-2-S1-39,109,109,20,20,109,20,109,20,109,109,20,20,109,109,20,20,57,57,56,56,109,109,109,109,-1,0.011316359648011387,0.0008521778928947342,1.0013889949595234,0.9986827009236795,0.006153084871169103,0.14351162903272283,0.006227558086189407,0.15751792460721992,0.0008766046644923531,0.0008359555450662137,0.000141976696076651,59.42662086862555,57.999372216470846,55.061636090732065,1.2386839572515793,2.2739531211797015,-11,-89,1007.8241234311447,998992.1758765689,replaced bins 0 (odd) 0 (even) ,1003.482713520576,25.647015537436566,1018.5423510497005,25.620195980053047,75.12372592444194,18.294068613365777,shard-00000-of-00001-node-2
0,167526485-1-S6,5,5,20,20,5,20,5,20,5,5,20,20,5,5,20,20,2,2,3,3,5,5,5,5,-1,0.01112596222691089,0.010993027657870936,1.0018882225982013,0.9983203386252162,0.0021045038951934274,0.014106795240826593,0.001743512523461503,0.012484957401588172,0.01069637313896532,0.011380538280653107,0.00026189489604557794,3.7789612068501968,3.4104227386659285,2.953614041585138,0.24422518397053491,0.4568086970807905,2,108,11050.675011957555,988949.3249880425,replaced bins 0 (odd) 0 (even) ,10762.386698757398,87.15786547190794,11489.872945850355,98.8721893660599,46.79014068798004,69.63977858392049,shard-00000-of-00001-node-2
0,167342439-1-S1-39,14,14,20,20,14,20,14,20,14,14,20,20,14,14,20,20,6,6,8,8,14,14,14,14,-1,0.0005639561508418377,0.0007266771514708114,1.000096972546002,0.9998655597549214,0.024967594951540318,0.1479317987325837,0.02502013570508324,0.2178792666182046,0.0007522425144622646,0.0006357707213099362,0.00024670692616526315,99.96830455667063,89.03941484672497,81.49148135010415,4.2930926316751945,6.15450857539129,-11,-44,730.6778203204356,999269.3221796795,replaced bins 0 (odd) 0 (even) ,773.8357829978337,90.09398687334136,691.6182658213144,100.18537782848105,283.8487894971653,54.03821693335319,shard-00000-of-00001-node-2
0,167719618-1-S1-39,4,4,20,20,4,20,4,20,4,4,20,20,4,4,20,20,2,2,2,2,4,4,4,4,-1,0.00020334906399757094,0.0007291362050474647,1.0009014443464064,0.9988005598324877,0.02129195084394795,0.14154979682052968,0.02129195084394795,0.14154979682052968,0.0007291362040474647,0.0007291362040474647,0.0002843465869893035,96.54834798565642,60.03638584711944,40.853874542194674,4.929226223683319,19.182511304924766,-9,73,823.592800324402,999176.4071996756,no local time series (odd),823.592800324402,85.30462751459072,823.592800324402,85.30462751459072,358.3943676507273,99.63859514340373,shard-00000-of-00001-node-2
0,177077336-1-S1-39,398,398,20,20,398,20,398,20,398,398,20,20,398,398,20,20,209,209,204,204,397,397,398,398,-1,0.0002258337327717629,0.0002179837945940565,1.0000153265257854,0.9999806770015348,0.025282250157774532,0.19826700451723417,0.02535911917115226,0.07107312925420692,0.00022310755004106841,0.000221065022895095,3.628037011085264e-05,257.86242991410256,253.4680171548938,233.10536816893006,7.214193403053342,12.193049767511582,10,24,227.43092571919644,999772.5690742808,replaced bins 0 (odd) 0 (even) ,246.4888177698965,27.367546863613455,224.49415974123977,26.597332951915963,35.62995269612568,19.83053410335748,shard-00000-of-00001-node-2
0,219195044-1-S1-39,84,84,20,20,84,20,84,20,84,84,20,20,84,84,20,20,44,44,44,44,84,84,84,84,-1,0.0010671572966039155,0.0010394492970799084,1.000047501836975,0.9999591684788441,0.02799751527386112,0.1886425926400149,0.02835438132722412,0.16551978944799361,0.001242115780582309,0.001051957106242618,0.0002691333845088683,63.14745687223083,63.252856661412096,58.30009315830472,1.8836984860602042,4.003456946103007,14,99,1114.352184385714,998885.6478156142,replaced bins 0 (odd) 0 (even) ,1321.7656109644204,119.77302777031994,1132.6584559807618,154.1720285491183,309.6479627812121,99.18288461749684,shard-00000-of-00001-node-2
1,219195044-2-S1-39,40,40,20,20,40,20,40,20,40,40,20,20,40,40,20,20,21,21,20,20,39,39,40,40,-1,0.0009261410922536627,0.0011590403259576164,1.0001024540078602,0.9998844776439684,0.0344266768902984,0.13600433360747255,0.03028171814701017,0.11899850369254707,0.001100345887763865,0.0013074365418609402,0.0003374657441532979,69.16170955478023,67.80948224673806,63.003903648504505,1.9891392021169392,1.8313232100997112,-2,44,1179.3219962786816,998820.6780037213,replaced bins 0 (odd) 0 (even) ,1214.2896974431937,211.88266669476195,1308.623673797804,170.00636164362533,435.63246275579723,120.42666505437954,shard-00000-of-00001-node-2
0,255560319-1-S1-39,12,12,20,20,12,20,12,20,12,12,20,20,12,12,20,20,7,7,7,7,11,11,12,12,-1,0.00013260047150234202,0.0001407135337828879,1.0000702040558627,0.9999389139904373,0.044394052915196304,0.25012874365205684,0.04003871201195837,0.1564827708037822,0.00020097521019724063,0.00010209524401905146,5.8659230540736216e-05,231.5770877954253,208.5464860097626,186.43522786904998,11.448621236496322,18.69202720346277,-10,-71,141.57083557497785,999858.429164425,replaced bins 0 (odd) 0 (even) ,206.7493169776169,29.935392669303575,114.05906405992371,26.59962733642696,64.65485846585128,21.85048216871682,shard-00000-of-00001-node-2
0,350299588-1-S1-39,2,2,20,20,2,20,2,20,2,2,20,20,2,2,20,20,1,1,1,1,3,3,2,2,-1,7.298813320657507e-05,0.00026991851969628824,1.0000894231871997,0.999879041283432,0.055820820040683776,0.4184342020944534,0.052119574281820534,0.25958987569665054,0.00017405632057232445,0.0003465362399036609,0.00013707943138065995,198.2973004803685,88.57740782747588,86.26143435897548,9.619308095335615,2.3159734685004025,9,46,293.9571958848752,999706.0428041151,replaced bins 0 (odd) 0 (even) ,215.3892712678518,69.38678196497186,373.7830964237743,95.80101827278517,171.6788079074716,47.27415488113107,shard-00000-of-00001-node-2
0,374829238-1-S1-39,27,27,20,20,27,20,27,20,27,27,20,20,27,27,20,20,14,14,16,16,27,27,27,27,-1,0.0007222799853363825,0.0006436820138561393,1.000195672263029,0.9997748184525075,0.027723876060554587,0.17697203868914954,0.02570981678580807,0.16965002119231745,0.0006594847569003637,0.0008383726034201233,0.00016779967686433297,225.78796334161464,214.49739711864004,185.42685709870412,6.964847698127275,29.07054001993592,8,-56,717.8429623139193,999282.1570376861,replaced bins 0 (odd) 0 (even) ,735.7388251461039,91.3564430128052,906.1332738518057,78.62312509587073,200.05029242475825,61.82634103551133,shard-00000-of-00001-node-2
0,418255064-1-S1-39,3,3,20,20,3,20,3,20,3,3,20,20,3,3,20,20,1,1,2,2,4,4,3,3,-1,0.0035700709642168204,0.006494155823970749,1.000619416769845,0.9991795244747526,0.013994459189547991,0.08666994756261052,0.013994459189547991,0.08666994756261052,0.0064941558229707486,0.0064941558229707486,0.000950327610813506,50.93341037603446,50.348298374602834,33.07016408770765,4.602147623111495,10.762587003606605,13,-81,6637.34631916224,993362.6536808377,no local time series (odd),6637.34631916224,624.9956986087952,6637.34631916224,624.9956986087952,1370.1245028259202,486.47730644620054,shard-00000-of-00001-node-2
