example_i_tfrec,shard,uid,target_id,tce_plnt_num,sector_run
0,shard-00000-of-00001-node-2,167342439-1-S1-39,167342439,1,1-39
1,shard-00000-of-00001-node-2,167719618-1-S1-39,167719618,1,1-39
2,shard-00000-of-00001-node-2,177077336-1-S1-39,177077336,1,1-39
3,shard-00000-of-00001-node-2,219195044-1-S1-39,219195044,1,1-39
4,shard-00000-of-00001-node-2,219195044-2-S1-39,219195044,2,1-39
5,shard-00000-of-00001-node-2,255560319-1-S1-39,255560319,1,1-39
6,shard-00000-of-00001-node-2,350299588-1-S1-39,350299588,1,1-39
7,shard-00000-of-00001-node-2,374829238-1-S1-39,374829238,1,1-39
8,shard-00000-of-00001-node-2,418255064-1-S1-39,418255064,1,1-39
